{"imagelist":[
        {
            "x":0,
            "y": 1.5,
            "width" : 3,
            "height" : 0.4,
            "bitmapWidth": -300,
            "bitmapHeight":-100,
            "image":"img/blocker.png",
            "shape": "polygon",
            "type": "static",
            "name":"blocker",
            "description": "Blocker 1",
			"friction" : 1,
			"restitution" : 0,
			"centerX" : 0,
			"centerY" : 0
			
        },
        {
            "x":-1.9,
            "y": 0.5,
            "width" : 0.6,
            "height" : 0.6,
            "bitmapWidth": -89,
            "bitmapHeight":-97,
            "image":"img/tower/tower_2.png",
            "shape": "polygon",
            "type": "static",
            "name":"building1",
            "description": "Target 1 - Blocker 1",
			"friction" : 1,
			"restitution" : 0,
			"centerX" : 0,
			"centerY" : 0
			
        },
        {
            "x":1.9,
            "y": 0.5,
            "width" : 0.6,
            "height" : 0.6,
            "bitmapWidth": -89,
            "bitmapHeight":-97,
            "image":"img/tower/tower_2.png",
            "shape": "polygon",
            "type": "static",
            "name":"building1",
            "description": "Target 2 - Blocker 1",
			"friction" : 1,
			"restitution" : 0,
			"centerX" : 0,
			"centerY" : 0
			
        },
        {
            "x":-6,
            "y": "max",
            "width" : 1.5,
            "height" : 0.5,
            "bitmapWidth": -300,
            "bitmapHeight":-100,
            "image":"img/cannon_1.png",
            "shape": "polygon",
            "type": "kinematic",
            "name":"cannon",
            "description": "Cannon 1",
			"friction" : 0,
			"restitution" : 0,
			"centerX" : 0.6,
			"centerY" : 0
		},
        {
            "x":6,
            "y": "max",
            "width" : 1.5,
            "height" : 0.5,
            "bitmapWidth": -300,
            "bitmapHeight":-100,
            "image":"img/cannon_2.png",
            "shape": "polygon",
            "type": "kinematic",
            "name":"cannon",
            "description": "Cannon 2",
			"friction" : 0,
			"restitution" : 0,
			"centerX" : 0.6,
			"centerY" : 0
	}            
]}
