{"imagelist":[
        {
            "x":"-5",
            "y": 0,
            "width" : 2,
            "height" : 0.3,
            "bitmapWidth": -300,
            "bitmapHeight":-100,
            "image":"img/blocker.png",
            "shape": "polygon",
            "type": "static",
            "name":"blocker",
            "description": "Blocker 1",
			"friction" : 1,
			"restitution" : 0,
			"centerX" : 0,
			"centerY" : 0
			
        },
        {
            "x":-4,
            "y": -1.1,
            "width" : 0.5,
            "height" : 0.8,
            "bitmapWidth": -70,
            "bitmapHeight":-123,
            "image":"img/lighthouse/lighthouse_1.png",
            "shape": "polygon",
            "type": "static",
            "name":"building2",
            "description": "Target 2",
			"friction" : 1,
			"restitution" : 0,
			"centerX" : 0,
			"centerY" : 0
			
        },
        {
            "x": 5,
            "y": 0,
            "width" : 2,
            "height" : 0.3,
            "bitmapWidth": -300,
            "bitmapHeight":-100,
            "image":"img/blocker.png",
            "shape": "polygon",
            "type": "static",
            "name":"blocker",
            "description": "Blocker 2",
			"friction" : 1,
			"restitution" : 0,
			"centerX" : 0,
			"centerY" : 0
			
        },
        {
            "x": 4,
            "y": -1.1,
            "width" : 0.5,
            "height" : 0.8,
            "bitmapWidth": -70,
            "bitmapHeight":-123,
            "image":"img/lighthouse/lighthouse_1.png",
            "shape": "polygon",
            "type": "static",
            "name":"building2",
            "description": "Target 2",
			"friction" : 1,
			"restitution" : 0,
			"centerX" : 0,
			"centerY" : 0
			
        },
        {
            "x":-6,
            "y": "max",
            "width" : 1.5,
            "height" : 0.5,
            "bitmapWidth": -300,
            "bitmapHeight":-100,
            "image":"img/cannon_1.png",
            "shape": "polygon",
            "type": "kinematic",
            "name":"cannon",
            "description": "Cannon 1",
			"friction" : 0,
			"restitution" : 0,
			"centerX" : 0.6,
			"centerY" : 0
		},
        {
            "x":6,
            "y": "max",
            "width" : 1.5,
            "height" : 0.5,
            "bitmapWidth": -300,
            "bitmapHeight":-100,
            "image":"img/cannon_2.png",
            "shape": "polygon",
            "type": "kinematic",
            "name":"cannon",
            "description": "Cannon 2",
			"friction" : 0,
			"restitution" : 0,
			"centerX" : 0.6,
			"centerY" : 0
	}            
]}
