{
"imagelist": [
{
"x": -6,
"y": "max",
"width": 1.5,
"height": 0.5,
"bitmapWidth": -300,
"bitmapHeight": -100,
"image": "img/cannon_1.png",
"shape": "polygon",
"type": "kinematic",
"name": "cannon",
"description": "Cannon 1",
"friction": 0,
"restitution": 0,
"centerX": 0.6,
"centerY": 0,
"angle": 0
},
{
"x": 6,
"y": "max",
"width": 1.5,
"height": 0.5,
"bitmapWidth": -300,
"bitmapHeight": -100,
"image": "img/cannon_2.png",
"shape": "polygon",
"type": "kinematic",
"name": "cannon",
"description": "Cannon 2",
"friction": 0,
"restitution": 0,
"centerX": 0.6,
"centerY": 0,
"angle": 0
},
{
"x": 5.328500191965141,
"y": -0.5313775424519553,
"width": 1.2,
"height": 0.3,
"bitmapWidth": -300,
"bitmapHeight": -100,
"image": "img/blocker.png",
"shape": "polygon",
"type": "static",
"name": "blocker",
"description": "Platform 1",
"friction": 1,
"restitution": 0,
"centerX": 0,
"centerY": 0,
"angle": 0
},
{
"x": 5.328500191965141,
"y": -1.4313775424519553,
"width": 0.6,
"height": 0.6,
"bitmapWidth": -89,
"bitmapHeight": -97,
"image": "img/tower/tower_2.png",
"shape": "polygon",
"type": "static",
"name": "building1",
"description": "Target 1",
"friction": 1,
"restitution": 0,
"centerX": 0,
"centerY": 0,
"angle": 0
},
{
"x": -2.7670249545015393,
"y": 3.185435790638439,
"width": 1.2,
"height": 0.3,
"bitmapWidth": -300,
"bitmapHeight": -100,
"image": "img/blocker.png",
"shape": "polygon",
"type": "static",
"name": "blocker",
"description": "Platform 1",
"friction": 1,
"restitution": 0,
"centerX": 0,
"centerY": 0,
"angle": 0
},
{
"x": -2.7670249545015393,
"y": 2.0854357906384393,
"width": 0.5,
"height": 0.8,
"bitmapWidth": -70,
"bitmapHeight": -123,
"image": "img/lighthouse/lighthouse_1.png",
"shape": "polygon",
"type": "static",
"name": "building2",
"description": "Target 1",
"friction": 1,
"restitution": 0,
"centerX": 0,
"centerY": 0,
"angle": 0
},
{
"x": -0.07465669845696521,
"y": 0.8281886653788391,
"width": 0.8850453397259116,
"height": 0.3737541030161083,
"bitmapWidth": -300,
"bitmapHeight": -100,
"image": "img/blocker.png",
"shape": "polygon",
"type": "static",
"name": "blocker",
"description": "Platform 1",
"friction": 1,
"restitution": 0,
"centerX": 0,
"centerY": 0,
"angle": 1.5707963267948966
},
{
"x": -5.618836495331489,
"y": -2.660716295156162,
"width": 0.751008055661805,
"height": 0.38499871650710704,
"bitmapWidth": -300,
"bitmapHeight": -100,
"image": "img/blocker.png",
"shape": "polygon",
"type": "static",
"name": "blocker",
"description": "Platform 1",
"friction": 1,
"restitution": 0,
"centerX": 0,
"centerY": 0,
"angle": -1.0471975511965976
},
{
"x": 0.6805441111233081,
"y": -3.0457981062051838,
"width": 1.8684436744311825,
"height": 0.3292845747899264,
"bitmapWidth": -300,
"bitmapHeight": -100,
"image": "img/blocker.png",
"shape": "polygon",
"type": "static",
"name": "blocker",
"description": "Platform 1",
"friction": 1,
"restitution": 0,
"centerX": 0,
"centerY": 0,
"angle": 1.5707963267948966
},
{
"x": 1.652394335749559,
"y": 1.7733451791806143,
"width": 0.8031727427383885,
"height": 0.31136557036079465,
"bitmapWidth": -300,
"bitmapHeight": -100,
"image": "img/blocker.png",
"shape": "polygon",
"type": "static",
"name": "blocker",
"description": "Platform 1",
"friction": 1,
"restitution": 0,
"centerX": 0,
"centerY": 0,
"angle": 1.5707963267948966
}
]
}