{
"imagelist": [
{
"x": -6,
"y": "max",
"width": 1.5,
"height": 0.5,
"bitmapWidth": -300,
"bitmapHeight": -100,
"image": "img/cannon_1.png",
"shape": "polygon",
"type": "kinematic",
"name": "cannon",
"description": "Cannon 1",
"friction": 0,
"restitution": 0,
"centerX": 0.6,
"centerY": 0,
"angle": 0
},
{
"x": 6,
"y": "max",
"width": 1.5,
"height": 0.5,
"bitmapWidth": -300,
"bitmapHeight": -100,
"image": "img/cannon_2.png",
"shape": "polygon",
"type": "kinematic",
"name": "cannon",
"description": "Cannon 2",
"friction": 0,
"restitution": 0,
"centerX": 0.6,
"centerY": 0,
"angle": 0
},
{
"x": 2.9567314252862715,
"y": 1.9990480000292878,
"width": 1.2,
"height": 0.3,
"bitmapWidth": -300,
"bitmapHeight": -100,
"image": "img/blocker.png",
"shape": "polygon",
"type": "static",
"name": "blocker",
"description": "Platform 1",
"friction": 1,
"restitution": 0,
"centerX": 0,
"centerY": 0,
"angle": 0
},
{
"x": 2.9567314252862715,
"y": 1.099048000029288,
"width": 0.6,
"height": 0.6,
"bitmapWidth": -89,
"bitmapHeight": -97,
"image": "img/tower/tower_2.png",
"shape": "polygon",
"type": "static",
"name": "building1",
"description": "Target 1",
"friction": 1,
"restitution": 0,
"centerX": 0,
"centerY": 0,
"angle": 0
},
{
"x": 0.23402494331356127,
"y": -0.13660048860823748,
"width": 1.2,
"height": 0.3,
"bitmapWidth": -300,
"bitmapHeight": -100,
"image": "img/blocker.png",
"shape": "polygon",
"type": "static",
"name": "blocker",
"description": "Platform 1",
"friction": 1,
"restitution": 0,
"centerX": 0,
"centerY": 0,
"angle": 0
},
{
"x": 0.23402494331356127,
"y": -1.2366004886082374,
"width": 0.5,
"height": 0.8,
"bitmapWidth": -70,
"bitmapHeight": -123,
"image": "img/lighthouse/lighthouse_1.png",
"shape": "polygon",
"type": "static",
"name": "building2",
"description": "Target 1",
"friction": 1,
"restitution": 0,
"centerX": 0,
"centerY": 0,
"angle": 0
},
{
"x": -5.431199108893052,
"y": -2.8514480124623516,
"width": 0.7063889020588249,
"height": 0.4978059950750321,
"bitmapWidth": -300,
"bitmapHeight": -100,
"image": "img/blocker.png",
"shape": "polygon",
"type": "static",
"name": "blocker",
"description": "Platform 1",
"friction": 1,
"restitution": 0,
"centerX": 0,
"centerY": 0,
"angle": 0
},
{
"x": 6.798003240255639,
"y": -1.576779473212082,
"width": 1.8000718811759726,
"height": 0.31689073531888423,
"bitmapWidth": -300,
"bitmapHeight": -100,
"image": "img/blocker.png",
"shape": "polygon",
"type": "static",
"name": "blocker",
"description": "Platform 1",
"friction": 1,
"restitution": 0,
"centerX": 0,
"centerY": 0,
"angle": 0
},
{
"x": -2.394052308299579,
"y": 3.2019803230836983,
"width": 0.6104517767904326,
"height": 0.3843893954064697,
"bitmapWidth": -300,
"bitmapHeight": -100,
"image": "img/blocker.png",
"shape": "polygon",
"type": "static",
"name": "blocker",
"description": "Platform 1",
"friction": 1,
"restitution": 0,
"centerX": 0,
"centerY": 0,
"angle": 0
},
{
"x": -5.785401754430495,
"y": -1.8452987774414942,
"width": 1.2034560202388094,
"height": 0.35005354187451304,
"bitmapWidth": -300,
"bitmapHeight": -100,
"image": "img/blocker.png",
"shape": "polygon",
"type": "static",
"name": "blocker",
"description": "Platform 1",
"friction": 1,
"restitution": 0,
"centerX": 0,
"centerY": 0,
"angle": 0
},
{
"x": -3.827150066229515,
"y": "max",
"width": 0.6763642211677506,
"height": 0.3845026624854654,
"bitmapWidth": -300,
"bitmapHeight": -100,
"image": "img/blocker.png",
"shape": "polygon",
"type": "static",
"name": "blocker",
"description": "Platform 1",
"friction": 1,
"restitution": 0,
"centerX": 0,
"centerY": 0,
"angle": 0
},
{
"x": 3.0656120243016627,
"y": -1.5113248130166903,
"width": 1.6490490237716586,
"height": 0.38150295219384134,
"bitmapWidth": -300,
"bitmapHeight": -100,
"image": "img/blocker.png",
"shape": "polygon",
"type": "static",
"name": "blocker",
"description": "Platform 1",
"friction": 1,
"restitution": 0,
"centerX": 0,
"centerY": 0,
"angle": 1.5707963267948966
},
{
"x": -1.816849345723167,
"y": -2.430003202613443,
"width": 1.6397265397477896,
"height": 0.47727251444011926,
"bitmapWidth": -300,
"bitmapHeight": -100,
"image": "img/blocker.png",
"shape": "polygon",
"type": "static",
"name": "blocker",
"description": "Platform 1",
"friction": 1,
"restitution": 0,
"centerX": 0,
"centerY": 0,
"angle": 1.5707963267948966
},
{
"x": -6.28313240093179,
"y": 0.2094,
"width": 1.684875996201299,
"height": 0.4201247799675912,
"bitmapWidth": -300,
"bitmapHeight": -100,
"image": "img/blocker.png",
"shape": "polygon",
"type": "static",
"name": "blocker",
"description": "Platform 1",
"friction": 1,
"restitution": 0,
"centerX": 0,
"centerY": 0,
"angle": 1.5707963267948966
},
{
"x": 5.771963602458127,
"y": 1.056566295272205,
"width": 0.7986929815029725,
"height": 0.431018121028319,
"bitmapWidth": -300,
"bitmapHeight": -100,
"image": "img/blocker.png",
"shape": "polygon",
"type": "static",
"name": "blocker",
"description": "Platform 1",
"friction": 1,
"restitution": 0,
"centerX": 0,
"centerY": 0,
"angle": 1.5707963267948966
},
{
"x": 0.6313029982754959,
"y": 3.025692720436491,
"width": 0.633388884854503,
"height": 0.45916036353446543,
"bitmapWidth": -300,
"bitmapHeight": -100,
"image": "img/blocker.png",
"shape": "polygon",
"type": "static",
"name": "blocker",
"description": "Platform 1",
"friction": 1,
"restitution": 0,
"centerX": 0,
"centerY": 0,
"angle": 1.5707963267948966
}
]
}