{
"imagelist": [
{
"x": -6,
"y": "max",
"width": 1.5,
"height": 0.5,
"bitmapWidth": -300,
"bitmapHeight": -100,
"image": "img/cannon_1.png",
"shape": "polygon",
"type": "kinematic",
"name": "cannon",
"description": "Cannon 1",
"friction": 0,
"restitution": 0,
"centerX": 0.6,
"centerY": 0,
"angle": 0
},
{
"x": 6,
"y": "max",
"width": 1.5,
"height": 0.5,
"bitmapWidth": -300,
"bitmapHeight": -100,
"image": "img/cannon_2.png",
"shape": "polygon",
"type": "kinematic",
"name": "cannon",
"description": "Cannon 2",
"friction": 0,
"restitution": 0,
"centerX": 0.6,
"centerY": 0,
"angle": 0
},
{
"x": 5.863271169411018,
"y": 0.9439964075083846,
"width": 1.2,
"height": 0.3,
"bitmapWidth": -300,
"bitmapHeight": -100,
"image": "img/blocker.png",
"shape": "polygon",
"type": "static",
"name": "blocker",
"description": "Platform 1",
"friction": 1,
"restitution": 0,
"centerX": 0,
"centerY": 0,
"angle": 0
},
{
"x": 5.863271169411018,
"y": 0.0439964075083847,
"width": 0.6,
"height": 0.6,
"bitmapWidth": -89,
"bitmapHeight": -97,
"image": "img/tower/tower_2.png",
"shape": "polygon",
"type": "static",
"name": "building1",
"description": "Target 1",
"friction": 1,
"restitution": 0,
"centerX": 0,
"centerY": 0,
"angle": 0
},
{
"x": -2.8565943901007995,
"y": -1.6408603306161238,
"width": 1.2,
"height": 0.3,
"bitmapWidth": -300,
"bitmapHeight": -100,
"image": "img/blocker.png",
"shape": "polygon",
"type": "static",
"name": "blocker",
"description": "Platform 1",
"friction": 1,
"restitution": 0,
"centerX": 0,
"centerY": 0,
"angle": 0
},
{
"x": -2.8565943901007995,
"y": -2.5408603306161237,
"width": 0.6,
"height": 0.6,
"bitmapWidth": -89,
"bitmapHeight": -97,
"image": "img/tower/tower_2.png",
"shape": "polygon",
"type": "static",
"name": "building1",
"description": "Target 1",
"friction": 1,
"restitution": 0,
"centerX": 0,
"centerY": 0,
"angle": 0
},
{
"x": 1.431567839002236,
"y": -0.06807897801045337,
"width": 1.2,
"height": 0.3,
"bitmapWidth": -300,
"bitmapHeight": -100,
"image": "img/blocker.png",
"shape": "polygon",
"type": "static",
"name": "blocker",
"description": "Platform 1",
"friction": 1,
"restitution": 0,
"centerX": 0,
"centerY": 0,
"angle": 0
},
{
"x": 1.431567839002236,
"y": -0.9680789780104533,
"width": 0.6,
"height": 0.6,
"bitmapWidth": -89,
"bitmapHeight": -97,
"image": "img/tower/tower_2.png",
"shape": "polygon",
"type": "static",
"name": "building1",
"description": "Target 1",
"friction": 1,
"restitution": 0,
"centerX": 0,
"centerY": 0,
"angle": 0
},
{
"x": -6.428707989468239,
"y": -3.179106574426405,
"width": 1.7683519338257612,
"height": 0.46878382517024875,
"bitmapWidth": -300,
"bitmapHeight": -100,
"image": "img/blocker.png",
"shape": "polygon",
"type": "static",
"name": "blocker",
"description": "Platform 1",
"friction": 1,
"restitution": 0,
"centerX": 0,
"centerY": 0,
"angle": 1.0471975511965976
},
{
"x": -6.001270310860127,
"y": 0.6514458122709765,
"width": 1.5427181904902683,
"height": 0.3171325690578669,
"bitmapWidth": -300,
"bitmapHeight": -100,
"image": "img/blocker.png",
"shape": "polygon",
"type": "static",
"name": "blocker",
"description": "Platform 1",
"friction": 1,
"restitution": 0,
"centerX": 0,
"centerY": 0,
"angle": 1.5707963267948966
},
{
"x": 3.553415108313784,
"y": 2.823028399723116,
"width": 0.6477374524343759,
"height": 0.4219144339673221,
"bitmapWidth": -300,
"bitmapHeight": -100,
"image": "img/blocker.png",
"shape": "polygon",
"type": "static",
"name": "blocker",
"description": "Platform 1",
"friction": 1,
"restitution": 0,
"centerX": 0,
"centerY": 0,
"angle": 1.5707963267948966
}
]
}