{
"imagelist": [
{
"x": -6,
"y": "max",
"width": 1.5,
"height": 0.5,
"bitmapWidth": -300,
"bitmapHeight": -100,
"image": "img/cannon_1.png",
"shape": "polygon",
"type": "kinematic",
"name": "cannon",
"description": "Cannon 1",
"friction": 0,
"restitution": 0,
"centerX": 0.6,
"centerY": 0,
"angle": 0
},
{
"x": 6,
"y": "max",
"width": 1.5,
"height": 0.5,
"bitmapWidth": -300,
"bitmapHeight": -100,
"image": "img/cannon_2.png",
"shape": "polygon",
"type": "kinematic",
"name": "cannon",
"description": "Cannon 2",
"friction": 0,
"restitution": 0,
"centerX": 0.6,
"centerY": 0,
"angle": 0
},
{
"x": 0.1837384238187223,
"y": -0.9835238973447122,
"width": 1.2,
"height": 0.3,
"bitmapWidth": -300,
"bitmapHeight": -100,
"image": "img/blocker.png",
"shape": "polygon",
"type": "static",
"name": "blocker",
"description": "Platform 1",
"friction": 1,
"restitution": 0,
"centerX": 0,
"centerY": 0,
"angle": 0
},
{
"x": 0.1837384238187223,
"y": -1.8835238973447122,
"width": 0.6,
"height": 0.6,
"bitmapWidth": -89,
"bitmapHeight": -97,
"image": "img/tower/tower_2.png",
"shape": "polygon",
"type": "static",
"name": "building1",
"description": "Target 1",
"friction": 1,
"restitution": 0,
"centerX": 0,
"centerY": 0,
"angle": 0
},
{
"x": 2.8594615075830365,
"y": 1.0486345536634323,
"width": 1.2,
"height": 0.3,
"bitmapWidth": -300,
"bitmapHeight": -100,
"image": "img/blocker.png",
"shape": "polygon",
"type": "static",
"name": "blocker",
"description": "Platform 1",
"friction": 1,
"restitution": 0,
"centerX": 0,
"centerY": 0,
"angle": 0
},
{
"x": 2.8594615075830365,
"y": 0.14863455366343226,
"width": 0.6,
"height": 0.6,
"bitmapWidth": -89,
"bitmapHeight": -97,
"image": "img/tower/tower_2.png",
"shape": "polygon",
"type": "static",
"name": "building1",
"description": "Target 1",
"friction": 1,
"restitution": 0,
"centerX": 0,
"centerY": 0,
"angle": 0
},
{
"x": -1.7442837565764786,
"y": 2.585098223220557,
"width": 1.2,
"height": 0.3,
"bitmapWidth": -300,
"bitmapHeight": -100,
"image": "img/blocker.png",
"shape": "polygon",
"type": "static",
"name": "blocker",
"description": "Platform 1",
"friction": 1,
"restitution": 0,
"centerX": 0,
"centerY": 0,
"angle": 0
},
{
"x": -1.7442837565764786,
"y": 1.6850982232205571,
"width": 0.6,
"height": 0.6,
"bitmapWidth": -89,
"bitmapHeight": -97,
"image": "img/tower/tower_2.png",
"shape": "polygon",
"type": "static",
"name": "building1",
"description": "Target 1",
"friction": 1,
"restitution": 0,
"centerX": 0,
"centerY": 0,
"angle": 0
},
{
"x": -6.152741530318744,
"y": -2.499923016061075,
"width": 0.7231010821647942,
"height": 0.40913865123875437,
"bitmapWidth": -300,
"bitmapHeight": -100,
"image": "img/blocker.png",
"shape": "polygon",
"type": "static",
"name": "blocker",
"description": "Platform 1",
"friction": 1,
"restitution": 0,
"centerX": 0,
"centerY": 0,
"angle": 1.0471975511965976
},
{
"x": 5.988969640042633,
"y": -2.6859373380523173,
"width": 1.6198265741346405,
"height": 0.3597039833664894,
"bitmapWidth": -300,
"bitmapHeight": -100,
"image": "img/blocker.png",
"shape": "polygon",
"type": "static",
"name": "blocker",
"description": "Platform 1",
"friction": 1,
"restitution": 0,
"centerX": 0,
"centerY": 0,
"angle": -1.0471975511965976
},
{
"x": 6.381208681412973,
"y": -0.18990899740718303,
"width": 2.050029438477941,
"height": 0.33597554182633754,
"bitmapWidth": -300,
"bitmapHeight": -100,
"image": "img/blocker.png",
"shape": "polygon",
"type": "static",
"name": "blocker",
"description": "Platform 1",
"friction": 1,
"restitution": 0,
"centerX": 0,
"centerY": 0,
"angle": 0.5235987755982988
},
{
"x": -6.132801213362255,
"y": -0.24211501704761762,
"width": 1.1654372877907009,
"height": 0.33867238187231125,
"bitmapWidth": -300,
"bitmapHeight": -100,
"image": "img/blocker.png",
"shape": "polygon",
"type": "static",
"name": "blocker",
"description": "Platform 1",
"friction": 1,
"restitution": 0,
"centerX": 0,
"centerY": 0,
"angle": 0
},
{
"x": -1.8586713300831619,
"y": -2.7624806768167764,
"width": 0.655627042427659,
"height": 0.41231771926395594,
"bitmapWidth": -300,
"bitmapHeight": -100,
"image": "img/blocker.png",
"shape": "polygon",
"type": "static",
"name": "blocker",
"description": "Platform 1",
"friction": 1,
"restitution": 0,
"centerX": 0,
"centerY": 0,
"angle": 1.5707963267948966
}
]
}