{"imagelist":[{"x":-6,"y":"max","width":1.5,"height":0.5,"bitmapWidth":-300,"bitmapHeight":-100,"image":"img/cannon_1.png","shape":"polygon","type":"kinematic","name":"cannon","description":"Cannon 1","friction":0,"restitution":0,"centerX":0.6,"centerY":0,"angle":0},{"x":6,"y":"max","width":1.5,"height":0.5,"bitmapWidth":-300,"bitmapHeight":-100,"image":"img/cannon_2.png","shape":"polygon","type":"kinematic","name":"cannon","description":"Cannon 2","friction":0,"restitution":0,"centerX":0.6,"centerY":0,"angle":0},{"x":-4.172291352534667,"y":-1.7149999999999996,"width":1.2,"height":0.3,"bitmapWidth":-300,"bitmapHeight":-100,"image":"img/blocker.png","shape":"polygon","type":"static","name":"blocker","description":"Platform 1","friction":1,"restitution":0,"centerX":0,"centerY":0,"angle":0},{"x":-4.172291352534667,"y":-2.6149999999999998,"width":0.6,"height":0.6,"bitmapWidth":-89,"bitmapHeight":-97,"image":"img/tower/tower_2.png","shape":"polygon","type":"static","name":"building1","description":"Target 1","friction":1,"restitution":0,"centerX":0,"centerY":0,"angle":0},{"x":1.9182733280910185,"y":0.6639614721573888,"width":1.2,"height":0.3,"bitmapWidth":-300,"bitmapHeight":-100,"image":"img/blocker.png","shape":"polygon","type":"static","name":"blocker","description":"Platform 1","friction":1,"restitution":0,"centerX":0,"centerY":0,"angle":0},{"x":1.9182733280910185,"y":-0.2360385278426112,"width":0.6,"height":0.6,"bitmapWidth":-89,"bitmapHeight":-97,"image":"img/tower/tower_2.png","shape":"polygon","type":"static","name":"building1","description":"Target 1","friction":1,"restitution":0,"centerX":0,"centerY":0,"angle":0},{"x":4.87995992032811,"y":-0.7972505693882703,"width":0.6246001164196059,"height":0.4123336059972644,"bitmapWidth":-300,"bitmapHeight":-100,"image":"img/blocker.png","shape":"polygon","type":"static","name":"blocker","description":"Platform 1","friction":1,"restitution":0,"centerX":0,"centerY":0,"angle":0},{"x":5.91870745270513,"y":1.7226305850688366,"width":0.7058836926240474,"height":0.31065270672552286,"bitmapWidth":-300,"bitmapHeight":-100,"image":"img/blocker.png","shape":"polygon","type":"static","name":"blocker","description":"Platform 1","friction":1,"restitution":0,"centerX":0,"centerY":0,"angle":0},{"x":-1.1647662441898134,"y":-0.8172265053214507,"width":0.6194268263876438,"height":0.40932103917002677,"bitmapWidth":-300,"bitmapHeight":-100,"image":"img/blocker.png","shape":"polygon","type":"static","name":"blocker","description":"Platform 1","friction":1,"restitution":0,"centerX":0,"centerY":0,"angle":0},{"x":-1.343142856140621,"y":1.9167483287304643,"width":1.2539267952321098,"height":0.3439989861100912,"bitmapWidth":-300,"bitmapHeight":-100,"image":"img/blocker.png","shape":"polygon","type":"static","name":"blocker","description":"Platform 1","friction":1,"restitution":0,"centerX":0,"centerY":0,"angle":0},{"x":-0.6037723801191897,"y":3.130301682399586,"width":0.9349040206521749,"height":0.3051523067522794,"bitmapWidth":-300,"bitmapHeight":-100,"image":"img/blocker.png","shape":"polygon","type":"static","name":"blocker","description":"Platform 1","friction":1,"restitution":0,"centerX":0,"centerY":0,"angle":0},{"x":-6.5446062212297695,"y":1.8371450097602793,"width":0.9054511912632733,"height":0.3246785237453878,"bitmapWidth":-300,"bitmapHeight":-100,"image":"img/blocker.png","shape":"polygon","type":"static","name":"blocker","description":"Platform 1","friction":1,"restitution":0,"centerX":0,"centerY":0,"angle":0},{"x":4.606758437976241,"y":-3.138651634692214,"width":0.8376022991957143,"height":0.39474663441069424,"bitmapWidth":-300,"bitmapHeight":-100,"image":"img/blocker.png","shape":"polygon","type":"static","name":"blocker","description":"Platform 1","friction":1,"restitution":0,"centerX":0,"centerY":0,"angle":0},{"x":2.0353498082282027,"y":-2.8917199929757045,"width":1.5401052037719638,"height":0.3292215909343213,"bitmapWidth":-300,"bitmapHeight":-100,"image":"img/blocker.png","shape":"polygon","type":"static","name":"blocker","description":"Platform 1","friction":1,"restitution":0,"centerX":0,"centerY":0,"angle":1.5707963267948966}]}