{
"imagelist": [
{
"x": -6,
"y": "max",
"width": 1.5,
"height": 0.5,
"bitmapWidth": -300,
"bitmapHeight": -100,
"image": "img/cannon_1.png",
"shape": "polygon",
"type": "kinematic",
"name": "cannon",
"description": "Cannon 1",
"friction": 0,
"restitution": 0,
"centerX": 0.6,
"centerY": 0,
"angle": 0
},
{
"x": 6,
"y": "max",
"width": 1.5,
"height": 0.5,
"bitmapWidth": -300,
"bitmapHeight": -100,
"image": "img/cannon_2.png",
"shape": "polygon",
"type": "kinematic",
"name": "cannon",
"description": "Cannon 2",
"friction": 0,
"restitution": 0,
"centerX": 0.6,
"centerY": 0,
"angle": 0
},
{
"x": -6.581859786557033,
"y": 0.732867557764984,
"width": 1.2,
"height": 0.3,
"bitmapWidth": -300,
"bitmapHeight": -100,
"image": "img/blocker.png",
"shape": "polygon",
"type": "static",
"name": "blocker",
"description": "Platform 1",
"friction": 1,
"restitution": 0,
"centerX": 0,
"centerY": 0,
"angle": 0
},
{
"x": -6.581859786557033,
"y": -0.167132442,
"width": 0.6,
"height": 0.6,
"bitmapWidth": -89,
"bitmapHeight": -97,
"image": "img/tower/tower_2.png",
"shape": "polygon",
"type": "static",
"name": "building1",
"description": "Target 1",
"friction": 1,
"restitution": 0,
"centerX": 0,
"centerY": 0,
"angle": 0
},
{
"x": 6.473439261117019,
"y": -1.7149999999999996,
"width": 1.2,
"height": 0.3,
"bitmapWidth": -300,
"bitmapHeight": -100,
"image": "img/blocker.png",
"shape": "polygon",
"type": "static",
"name": "blocker",
"description": "Platform 1",
"friction": 1,
"restitution": 0,
"centerX": 0,
"centerY": 0,
"angle": 0
},
{
"x": 6.473439261117019,
"y": -2.6149999999999998,
"width": 0.6,
"height": 0.6,
"bitmapWidth": -89,
"bitmapHeight": -97,
"image": "img/tower/tower_2.png",
"shape": "polygon",
"type": "static",
"name": "building1",
"description": "Target 1",
"friction": 1,
"restitution": 0,
"centerX": 0,
"centerY": 0,
"angle": 0
},
{
"x": 1.741753122685477,
"y": -0.1823332304949874,
"width": 1.112137043522671,
"height": 0.4630406311247498,
"bitmapWidth": -300,
"bitmapHeight": -100,
"image": "img/blocker.png",
"shape": "polygon",
"type": "static",
"name": "blocker",
"description": "Platform 1",
"friction": 1,
"restitution": 0,
"centerX": 0,
"centerY": 0,
"angle": 1.5707963267948966
},
{
"x": -3.271295740758069,
"y": 0.7586565816379154,
"width": 1.2580084967426957,
"height": 0.4600848796311766,
"bitmapWidth": -300,
"bitmapHeight": -100,
"image": "img/blocker.png",
"shape": "polygon",
"type": "static",
"name": "blocker",
"description": "Platform 1",
"friction": 1,
"restitution": 0,
"centerX": 0,
"centerY": 0,
"angle": 1.5707963267948966
}
]
}