{"imagelist":[{"x":-6,"y":"max","width":1.5,"height":0.5,"bitmapWidth":-300,"bitmapHeight":-100,"image":"img/cannon_1.png","shape":"polygon","type":"kinematic","name":"cannon","description":"Cannon 1","friction":0,"restitution":0,"centerX":0.6,"centerY":0,"angle":0},{"x":6,"y":"max","width":1.5,"height":0.5,"bitmapWidth":-300,"bitmapHeight":-100,"image":"img/cannon_2.png","shape":"polygon","type":"kinematic","name":"cannon","description":"Cannon 2","friction":0,"restitution":0,"centerX":0.6,"centerY":0,"angle":0},{"x":2.968123385910877,"y":-1.7149999999999996,"width":1.2,"height":0.3,"bitmapWidth":-300,"bitmapHeight":-100,"image":"img/blocker.png","shape":"polygon","type":"static","name":"blocker","description":"Platform 1","friction":1,"restitution":0,"centerX":0,"centerY":0,"angle":0},{"x":2.968123385910877,"y":-2.6149999999999998,"width":0.6,"height":0.6,"bitmapWidth":-89,"bitmapHeight":-97,"image":"img/tower/tower_2.png","shape":"polygon","type":"static","name":"building1","description":"Target 1","friction":1,"restitution":0,"centerX":0,"centerY":0,"angle":0},{"x":-0.0058493583137169125,"y":0.5375653200433588,"width":1.2,"height":0.3,"bitmapWidth":-300,"bitmapHeight":-100,"image":"img/blocker.png","shape":"polygon","type":"static","name":"blocker","description":"Platform 1","friction":1,"restitution":0,"centerX":0,"centerY":0,"angle":0},{"x":-0.0058493583137169125,"y":-0.3624346799566412,"width":0.6,"height":0.6,"bitmapWidth":-89,"bitmapHeight":-97,"image":"img/tower/tower_2.png","shape":"polygon","type":"static","name":"building1","description":"Target 1","friction":1,"restitution":0,"centerX":0,"centerY":0,"angle":0},{"x":-3.3493594981497155,"y":2.1789621472964065,"width":1.6367377552902327,"height":0.412057540519163,"bitmapWidth":-300,"bitmapHeight":-100,"image":"img/blocker.png","shape":"polygon","type":"static","name":"blocker","description":"Platform 1","friction":1,"restitution":0,"centerX":0,"centerY":0,"angle":1.5707963267948966},{"x":-0.16628897196613224,"y":-2.640161901838146,"width":1.3292231490137056,"height":0.3705733145121485,"bitmapWidth":-300,"bitmapHeight":-100,"image":"img/blocker.png","shape":"polygon","type":"static","name":"blocker","description":"Platform 1","friction":1,"restitution":0,"centerX":0,"centerY":0,"angle":1.5707963267948966},{"x":-5.7419295690767465,"y":0.05898109799250939,"width":0.7430100736906752,"height":0.3466818834189326,"bitmapWidth":-300,"bitmapHeight":-100,"image":"img/blocker.png","shape":"polygon","type":"static","name":"blocker","description":"Platform 1","friction":1,"restitution":0,"centerX":0,"centerY":0,"angle":1.5707963267948966}]}