{"imagelist":[{"x":-6,"y":"max","width":1.5,"height":0.5,"bitmapWidth":-300,"bitmapHeight":-100,"image":"img/cannon_1.png","shape":"polygon","type":"kinematic","name":"cannon","description":"Cannon 1","friction":0,"restitution":0,"centerX":0.6,"centerY":0,"angle":0},{"x":6,"y":"max","width":1.5,"height":0.5,"bitmapWidth":-300,"bitmapHeight":-100,"image":"img/cannon_2.png","shape":"polygon","type":"kinematic","name":"cannon","description":"Cannon 2","friction":0,"restitution":0,"centerX":0.6,"centerY":0,"angle":0},{"x":-4.2014222447201615,"y":-1.267775600121822,"width":1.2,"height":0.3,"bitmapWidth":-300,"bitmapHeight":-100,"image":"img/blocker.png","shape":"polygon","type":"static","name":"blocker","description":"Platform 1","friction":1,"restitution":0,"centerX":0,"centerY":0,"angle":0},{"x":-4.2014222447201615,"y":-2.1677756001218222,"width":0.6,"height":0.6,"bitmapWidth":-89,"bitmapHeight":-97,"image":"img/tower/tower_2.png","shape":"polygon","type":"static","name":"building1","description":"Target 1","friction":1,"restitution":0,"centerX":0,"centerY":0,"angle":0},{"x":1.473525505247526,"y":0.05656899125548076,"width":1.2,"height":0.3,"bitmapWidth":-300,"bitmapHeight":-100,"image":"img/blocker.png","shape":"polygon","type":"static","name":"blocker","description":"Platform 1","friction":1,"restitution":0,"centerX":0,"centerY":0,"angle":0},{"x":1.473525505247526,"y":-0.8434310087445192,"width":0.6,"height":0.6,"bitmapWidth":-89,"bitmapHeight":-97,"image":"img/tower/tower_2.png","shape":"polygon","type":"static","name":"building1","description":"Target 1","friction":1,"restitution":0,"centerX":0,"centerY":0,"angle":0},{"x":6.314711190117523,"y":1.1736067426158119,"width":1.2,"height":0.3,"bitmapWidth":-300,"bitmapHeight":-100,"image":"img/blocker.png","shape":"polygon","type":"static","name":"blocker","description":"Platform 1","friction":1,"restitution":0,"centerX":0,"centerY":0,"angle":0},{"x":6.314711190117523,"y":0.27360674261581186,"width":0.6,"height":0.6,"bitmapWidth":-89,"bitmapHeight":-97,"image":"img/tower/tower_2.png","shape":"polygon","type":"static","name":"building1","description":"Target 1","friction":1,"restitution":0,"centerX":0,"centerY":0,"angle":0},{"x":-1.0381546266144142,"y":2.440800087207463,"width":1.2,"height":0.3,"bitmapWidth":-300,"bitmapHeight":-100,"image":"img/blocker.png","shape":"polygon","type":"static","name":"blocker","description":"Platform 1","friction":1,"restitution":0,"centerX":0,"centerY":0,"angle":0},{"x":-1.0381546266144142,"y":1.540800087207463,"width":0.6,"height":0.6,"bitmapWidth":-89,"bitmapHeight":-97,"image":"img/tower/tower_2.png","shape":"polygon","type":"static","name":"building1","description":"Target 1","friction":1,"restitution":0,"centerX":0,"centerY":0,"angle":0},{"x":3.593890298651532,"y":-2.7670272020017728,"width":0.6654858847847208,"height":0.4468943542335182,"bitmapWidth":-300,"bitmapHeight":-100,"image":"img/blocker.png","shape":"polygon","type":"static","name":"blocker","description":"Platform 1","friction":1,"restitution":0,"centerX":0,"centerY":0,"angle":-0.5235987755982988},{"x":-6.772465966814198,"y":-2.8255956225958654,"width":1.1613378271227703,"height":0.33437370900064706,"bitmapWidth":-300,"bitmapHeight":-100,"image":"img/blocker.png","shape":"polygon","type":"static","name":"blocker","description":"Platform 1","friction":1,"restitution":0,"centerX":0,"centerY":0,"angle":0},{"x":3.654449613923207,"y":3.1977468581940043,"width":0.8115093445172533,"height":0.42209624163806436,"bitmapWidth":-300,"bitmapHeight":-100,"image":"img/blocker.png","shape":"polygon","type":"static","name":"blocker","description":"Platform 1","friction":1,"restitution":0,"centerX":0,"centerY":0,"angle":1.5707963267948966}]}